{"v":"5.2.1","fr":25,"ip":0,"op":75,"w":960,"h":960,"nm":"Comp 5","ddd":0,"assets":[],"layers":[{"ddd":0,"ind":1,"ty":4,"nm":"Button/wallet-AE Outlines","parent":9,"sr":1,"ks":{"o":{"a":0,"k":100,"ix":11},"r":{"a":1,"k":[{"i":{"x":[0.312],"y":[1]},"o":{"x":[0.492],"y":[0]},"n":["0p312_1_0p492_0"],"t":0,"s":[0],"e":[360]},{"t":75}],"ix":10},"p":{"a":0,"k":[445.457,536.348,0],"ix":2},"a":{"a":0,"k":[445.457,536.348,0],"ix":1},"s":{"a":0,"k":[100,100,100],"ix":6}},"ao":0,"shapes":[{"ty":"gr","it":[{"ind":0,"ty":"sh","ix":1,"ks":{"a":0,"k":{"i":[[42.822,0],[0,43.191],[-42.821,0],[0,-43.191]],"o":[[-42.821,0],[0,-43.191],[42.822,0],[0,43.191]],"v":[[0,78.077],[-77.892,0.185],[0,-77.706],[77.892,0.185]],"c":true},"ix":2},"nm":"Path 1","mn":"ADBE Vector Shape - Group","hd":false},{"ind":1,"ty":"sh","ix":2,"ks":{"a":0,"k":{"i":[[6.645,0],[0,0],[9.599,14.398],[0,0],[4.798,4.799],[0,0],[4.8,-4.799],[0,0],[16.613,3.691],[0,0],[6.644,0],[0,0],[0,-6.646],[0,0],[14.397,-9.598],[0,0],[4.799,-4.799],[0,0],[0,-3.322],[-2.584,-2.215],[0,0],[3.692,-16.612],[0,0],[0,-6.645],[0,0],[-6.644,0],[0,0],[-9.599,-14.396],[0,0],[0,-3.323],[-2.215,-2.215],[0,0],[0,0],[0,0],[-4.799,4.799],[0,0],[-16.612,-3.691],[0,0],[-6.644,0],[0,0],[0,6.644],[0,0],[-14.398,9.597],[0,0],[-3.322,0],[-2.215,1.846],[0,0],[0,3.322],[2.584,2.214],[0,0],[-3.692,16.611],[0,0],[0,6.646],[0,0]],"o":[[0,0],[-3.322,-16.981],[0,0],[4.798,-4.799],[0,0],[-4.799,-4.799],[0,0],[-14.397,-9.598],[0,0],[0,-6.646],[0,0],[-6.645,0],[0,0],[-16.981,3.322],[0,0],[-4.799,-4.799],[0,0],[-2.214,2.215],[0,3.323],[0,0],[-9.599,14.398],[0,0],[-6.644,0],[0,0],[0,6.645],[0,0],[3.322,16.981],[0,0],[-2.214,2.214],[0,2.953],[0,0],[0,0],[0,0],[4.799,4.799],[0,0],[14.396,9.597],[0,0],[0,6.644],[0,0],[6.645,0],[0,0],[16.982,-3.322],[0,0],[2.216,2.215],[2.953,0],[0,0],[2.215,-2.215],[0,-3.323],[0,0],[9.599,-14.396],[0,0],[6.645,0],[0,0],[0,-7.014]],"v":[[153.936,-26.394],[131.049,-26.394],[111.483,-73.277],[127.728,-89.519],[127.728,-106.869],[107.054,-127.542],[89.703,-127.542],[73.83,-111.299],[26.948,-130.864],[26.948,-153.751],[14.767,-165.934],[-14.397,-165.934],[-26.579,-153.751],[-26.579,-130.864],[-73.461,-111.299],[-89.704,-127.542],[-107.055,-127.542],[-127.728,-106.869],[-131.418,-98.379],[-127.728,-89.888],[-111.483,-73.646],[-131.049,-26.763],[-153.938,-26.763],[-166.118,-14.581],[-166.118,14.582],[-153.938,26.764],[-131.049,26.764],[-111.483,73.646],[-127.728,89.89],[-131.418,98.38],[-128.096,106.5],[-127.728,107.609],[-127.358,107.609],[-107.423,127.542],[-90.073,127.542],[-73.831,111.301],[-26.949,130.865],[-26.949,153.753],[-14.767,165.935],[14.396,165.935],[26.579,153.753],[26.579,130.865],[73.461,111.301],[89.703,127.542],[98.194,131.234],[105.947,128.281],[127.358,106.87],[131.049,98.38],[127.358,89.89],[111.483,74.015],[131.049,27.134],[153.936,27.134],[166.118,14.951],[166.118,-14.213]],"c":true},"ix":2},"nm":"Path 2","mn":"ADBE Vector Shape - Group","hd":false},{"ty":"fl","c":{"a":0,"k":[0.917999985639,0.917999985639,0.917999985639,1],"ix":4},"o":{"a":0,"k":100,"ix":5},"r":1,"nm":"Fill 1","mn":"ADBE Vector Graphic - Fill","hd":false},{"ty":"tr","p":{"a":0,"k":[445.457,536.347],"ix":2},"a":{"a":0,"k":[0,0],"ix":1},"s":{"a":0,"k":[100,100],"ix":3},"r":{"a":0,"k":0,"ix":6},"o":{"a":0,"k":100,"ix":7},"sk":{"a":0,"k":0,"ix":4},"sa":{"a":0,"k":0,"ix":5},"nm":"Transform"}],"nm":"Group 1","np":3,"cix":2,"ix":1,"mn":"ADBE Vector Group","hd":false}],"ip":0,"op":75,"st":0,"bm":0},{"ddd":0,"ind":2,"ty":4,"nm":"Fivela-Highlight/wallet-AE Outlines","parent":4,"sr":1,"ks":{"o":{"a":0,"k":100,"ix":11},"r":{"a":0,"k":0,"ix":10},"p":{"a":0,"k":[480,480,0],"ix":2},"a":{"a":0,"k":[480,480,0],"ix":1},"s":{"a":0,"k":[100,100,100],"ix":6}},"ao":0,"shapes":[{"ty":"gr","it":[{"ty":"gr","it":[{"ind":0,"ty":"sh","ix":1,"ks":{"a":0,"k":{"i":[[0,0],[0,-32.919],[0,0],[-32.918,0],[0,0],[0,12.195],[0,0],[12.195,0]],"o":[[-32.918,0],[0,0],[0,32.917],[0,0],[12.195,0],[0,0],[0,-12.195],[0,0]],"v":[[-59.164,-112.455],[-118.766,-52.852],[-118.766,52.851],[-59.164,112.454],[96.685,112.454],[118.766,90.371],[118.766,-90.374],[96.685,-112.455]],"c":true},"ix":2},"nm":"Path 2","mn":"ADBE Vector Shape - Group","hd":false},{"ty":"gf","o":{"a":0,"k":100,"ix":10},"r":1,"g":{"p":3,"k":{"a":0,"k":[0,1,1,1,0.5,1,1,1,1,1,1,1,0,1,0.5,0.5,1,0],"ix":9}},"s":{"a":0,"k":[-288,-11],"ix":5},"e":{"a":0,"k":[-60,0],"ix":6},"t":1,"nm":"Gradient Fill 1","mn":"ADBE Vector Graphic - G-Fill","hd":false},{"ty":"tr","p":{"a":0,"k":[1.531,0.25],"ix":2},"a":{"a":0,"k":[0,0],"ix":1},"s":{"a":0,"k":[100,100],"ix":3},"r":{"a":0,"k":0,"ix":6},"o":{"a":0,"k":100,"ix":7},"sk":{"a":0,"k":0,"ix":4},"sa":{"a":0,"k":0,"ix":5},"nm":"Transform"}],"nm":"Group 1","np":2,"cix":2,"ix":1,"mn":"ADBE Vector Group","hd":false},{"ty":"tr","p":{"a":0,"k":[813.234,542.082],"ix":2},"a":{"a":0,"k":[0,0],"ix":1},"s":{"a":0,"k":[100,100],"ix":3},"r":{"a":0,"k":0,"ix":6},"o":{"a":0,"k":100,"ix":7},"sk":{"a":0,"k":0,"ix":4},"sa":{"a":0,"k":0,"ix":5},"nm":"Transform"}],"nm":"Group 1","np":1,"cix":2,"ix":1,"mn":"ADBE Vector Group","hd":false}],"ip":0,"op":75,"st":0,"bm":0},{"ddd":0,"ind":3,"ty":4,"nm":"Shape Layer 1","parent":4,"sr":1,"ks":{"o":{"a":0,"k":100,"ix":11},"r":{"a":0,"k":0,"ix":10},"p":{"a":0,"k":[480,480,0],"ix":2},"a":{"a":0,"k":[0,0,0],"ix":1},"s":{"a":0,"k":[100,100,100],"ix":6}},"ao":0,"shapes":[{"ty":"gr","it":[{"ind":0,"ty":"sh","ix":1,"ks":{"a":0,"k":{"i":[[0,-29.442],[29.444,0],[0,29.443],[-29.443,0]],"o":[[0,29.443],[-29.443,0],[0,-29.442],[29.444,0]],"v":[[53.312,0],[0,53.312],[-53.312,0],[0,-53.311]],"c":true},"ix":2},"nm":"Path 1","mn":"ADBE Vector Shape - Group","hd":false},{"ty":"gr","it":[{"ty":"tr","p":{"a":0,"k":[0,0],"ix":2},"a":{"a":0,"k":[0,0],"ix":1},"s":{"a":0,"k":[100,100],"ix":3},"r":{"a":0,"k":0,"ix":6},"o":{"a":0,"k":100,"ix":7},"sk":{"a":0,"k":0,"ix":4},"sa":{"a":0,"k":0,"ix":5},"nm":"Transform"}],"nm":"Group 1","np":0,"cix":2,"ix":2,"mn":"ADBE Vector Group","hd":false},{"ty":"mm","mm":4,"nm":"Merge Paths 1","mn":"ADBE Vector Filter - Merge","hd":false},{"ty":"fl","c":{"a":0,"k":[0.008000000785,0.195999998205,0.286000001197,1],"ix":4},"o":{"a":0,"k":100,"ix":5},"r":1,"nm":"Fill 1","mn":"ADBE Vector Graphic - Fill","hd":false},{"ty":"tr","p":{"a":0,"k":[305.544,63.698],"ix":2},"a":{"a":0,"k":[0,0],"ix":1},"s":{"a":0,"k":[100,100],"ix":3},"r":{"a":0,"k":0,"ix":6},"o":{"a":0,"k":100,"ix":7},"sk":{"a":0,"k":0,"ix":4},"sa":{"a":0,"k":0,"ix":5},"nm":"Transform"}],"nm":"Group 2","np":4,"cix":2,"ix":1,"mn":"ADBE Vector Group","hd":false}],"ip":0,"op":75,"st":0,"bm":0},{"ddd":0,"ind":4,"ty":4,"nm":"Fivela/wallet-AE Outlines","parent":9,"sr":1,"ks":{"o":{"a":0,"k":100,"ix":11},"r":{"a":0,"k":0,"ix":10},"p":{"a":1,"k":[{"i":{"x":0.581,"y":1},"o":{"x":0.621,"y":0},"n":"0p581_1_0p621_0","t":0,"s":[480,480,0],"e":[480,449,0],"to":[0,-5.16666650772095,0],"ti":[0,-2.5,0]},{"i":{"x":0.28,"y":1},"o":{"x":0.336,"y":0},"n":"0p28_1_0p336_0","t":25,"s":[480,449,0],"e":[480,495,0],"to":[0,2.5,0],"ti":[0,-5.16666650772095,0]},{"i":{"x":0.265,"y":1},"o":{"x":0.467,"y":0},"n":"0p265_1_0p467_0","t":54,"s":[480,495,0],"e":[480,480,0],"to":[0,5.16666650772095,0],"ti":[0,2.5,0]},{"t":74}],"ix":2},"a":{"a":0,"k":[480,480,0],"ix":1},"s":{"a":0,"k":[100,100,100],"ix":6}},"ao":0,"shapes":[{"ty":"gr","it":[{"ind":0,"ty":"sh","ix":1,"ks":{"a":0,"k":{"i":[[12.195,0],[0,0],[0,32.918],[0,0],[-32.918,0],[0,0],[0,-12.195],[0,0]],"o":[[0,0],[-32.918,0],[0,0],[0,-32.918],[0,0],[12.195,0],[0,0],[0,12.195]],"v":[[96.685,112.454],[-59.164,112.454],[-118.766,52.851],[-118.766,-52.852],[-59.164,-112.454],[96.685,-112.454],[118.766,-90.373],[118.766,90.372]],"c":true},"ix":2},"nm":"Path 1","mn":"ADBE Vector Shape - Group","hd":false},{"ty":"fl","c":{"a":0,"k":[0.027000000898,0.486000001197,0.666999966491,1],"ix":4},"o":{"a":0,"k":100,"ix":5},"r":1,"nm":"Fill 1","mn":"ADBE Vector Graphic - Fill","hd":false},{"ty":"tr","p":{"a":0,"k":[813.234,542.081],"ix":2},"a":{"a":0,"k":[0,0],"ix":1},"s":{"a":0,"k":[100,100],"ix":3},"r":{"a":0,"k":0,"ix":6},"o":{"a":0,"k":100,"ix":7},"sk":{"a":0,"k":0,"ix":4},"sa":{"a":0,"k":0,"ix":5},"nm":"Transform"}],"nm":"Group 1","np":2,"cix":2,"ix":1,"mn":"ADBE Vector Group","hd":false}],"ip":0,"op":75,"st":0,"bm":0},{"ddd":0,"ind":5,"ty":4,"nm":"Fivela-shadow/wallet-AE Outlines","parent":4,"sr":1,"ks":{"o":{"a":0,"k":100,"ix":11},"r":{"a":0,"k":0,"ix":10},"p":{"a":0,"k":[480,480,0],"ix":2},"a":{"a":0,"k":[480,480,0],"ix":1},"s":{"a":0,"k":[100,100,100],"ix":6}},"ao":0,"shapes":[{"ty":"gr","it":[{"ind":0,"ty":"sh","ix":1,"ks":{"a":0,"k":{"i":[[0,0],[0,0],[0,32.729],[0,0],[-32.729,0],[0,0]],"o":[[0,0],[-32.729,0],[0,0],[0,-32.729],[0,0],[0,0]],"v":[[106.62,119.834],[-47.359,119.834],[-106.62,60.573],[-106.62,-60.572],[-47.359,-119.833],[106.62,-119.833]],"c":true},"ix":2},"nm":"Path 1","mn":"ADBE Vector Shape - Group","hd":false},{"ty":"fl","c":{"a":0,"k":[0,0,0,1],"ix":4},"o":{"a":0,"k":20,"ix":5},"r":1,"nm":"Fill 1","mn":"ADBE Vector Graphic - Fill","hd":false},{"ty":"tr","p":{"a":0,"k":[789.401,559.012],"ix":2},"a":{"a":0,"k":[0,0],"ix":1},"s":{"a":0,"k":[100,100],"ix":3},"r":{"a":0,"k":0,"ix":6},"o":{"a":0,"k":100,"ix":7},"sk":{"a":0,"k":0,"ix":4},"sa":{"a":0,"k":0,"ix":5},"nm":"Transform"}],"nm":"Group 1","np":2,"cix":2,"ix":1,"mn":"ADBE Vector Group","hd":false}],"ip":0,"op":75,"st":0,"bm":0},{"ddd":0,"ind":6,"ty":4,"nm":"Gradient-front/wallet-AE Outlines","parent":9,"sr":1,"ks":{"o":{"a":0,"k":100,"ix":11},"r":{"a":0,"k":0,"ix":10},"p":{"a":0,"k":[469.192,536.348,0],"ix":2},"a":{"a":0,"k":[469.192,536.348,0],"ix":1},"s":{"a":0,"k":[100,100,100],"ix":6}},"ao":0,"shapes":[{"ty":"gr","it":[{"ind":0,"ty":"sh","ix":1,"ks":{"a":0,"k":{"i":[[0,0],[0,-25.278],[0,0],[-27.721,0],[0,0],[0,56.879],[0,0],[56.879,0]],"o":[[-25.279,0],[0,0],[0,27.722],[0,0],[56.879,0],[0,0],[0,-56.879],[0,0]],"v":[[-391.876,-275.639],[-437.647,-229.868],[-437.647,338.139],[-387.453,388.334],[313.044,388.334],[416.032,285.345],[416.032,-172.65],[313.044,-275.639]],"c":true},"ix":2},"nm":"Path 2","mn":"ADBE Vector Shape - Group","hd":false},{"ty":"tr","p":{"a":0,"k":[480,480],"ix":2},"a":{"a":0,"k":[0,0],"ix":1},"s":{"a":0,"k":[100,100],"ix":3},"r":{"a":0,"k":0,"ix":6},"o":{"a":0,"k":100,"ix":7},"sk":{"a":0,"k":0,"ix":4},"sa":{"a":0,"k":0,"ix":5},"nm":"Transform"}],"nm":"Group 1","np":1,"cix":2,"ix":1,"mn":"ADBE Vector Group","hd":false},{"ty":"gf","o":{"a":0,"k":100,"ix":10},"r":1,"g":{"p":3,"k":{"a":0,"k":[0,1,1,1,0.5,0.988,0.98,0.98,1,0.977,0.96,0.96,0,1,0.5,0.5,1,0],"ix":9}},"s":{"a":0,"k":[-50,0],"ix":5},"e":{"a":0,"k":[88,0],"ix":6},"t":1,"nm":"Gradient Fill 1","mn":"ADBE Vector Graphic - G-Fill","hd":false}],"ip":0,"op":75,"st":0,"bm":0},{"ddd":0,"ind":7,"ty":4,"nm":"Stitching-1/wallet-AE Outlines","parent":9,"sr":1,"ks":{"o":{"a":0,"k":100,"ix":11},"r":{"a":0,"k":0,"ix":10},"p":{"a":0,"k":[480,480,0],"ix":2},"a":{"a":0,"k":[480,480,0],"ix":1},"s":{"a":0,"k":[100,100,100],"ix":6}},"ao":0,"shapes":[{"ty":"gr","it":[{"ind":0,"ty":"sh","ix":1,"ks":{"a":0,"k":{"i":[[0,0],[0,0]],"o":[[0,0],[0,0]],"v":[[65.669,803.455],[860.795,803.455]],"c":false},"ix":2},"nm":"Path 1","mn":"ADBE Vector Shape - Group","hd":false},{"ty":"st","c":{"a":0,"k":[0.008000000785,0.195999998205,0.286000001197,1],"ix":3},"o":{"a":0,"k":100,"ix":4},"w":{"a":0,"k":7.286,"ix":5},"lc":2,"lj":1,"ml":10,"ml2":{"a":0,"k":10,"ix":8},"d":[{"n":"d","nm":"dash","v":{"a":0,"k":48.521,"ix":1}},{"n":"g","nm":"gap","v":{"a":0,"k":48.525,"ix":2}},{"n":"o","nm":"offset","v":{"a":0,"k":0,"ix":7}}],"nm":"Stroke 1","mn":"ADBE Vector Graphic - Stroke","hd":false},{"ty":"tr","p":{"a":0,"k":[0,0],"ix":2},"a":{"a":0,"k":[0,0],"ix":1},"s":{"a":0,"k":[100,100],"ix":3},"r":{"a":0,"k":0,"ix":6},"o":{"a":0,"k":100,"ix":7},"sk":{"a":0,"k":0,"ix":4},"sa":{"a":0,"k":0,"ix":5},"nm":"Transform"}],"nm":"Group 1","np":2,"cix":2,"ix":1,"mn":"ADBE Vector Group","hd":false}],"ip":0,"op":75,"st":0,"bm":0},{"ddd":0,"ind":8,"ty":4,"nm":"Stitching-2/wallet-AE Outlines","parent":9,"sr":1,"ks":{"o":{"a":0,"k":100,"ix":11},"r":{"a":0,"k":0,"ix":10},"p":{"a":0,"k":[480,480,0],"ix":2},"a":{"a":0,"k":[480,480,0],"ix":1},"s":{"a":0,"k":[100,100,100],"ix":6}},"ao":0,"shapes":[{"ty":"gr","it":[{"ind":0,"ty":"sh","ix":1,"ks":{"a":0,"k":{"i":[[0,0],[0,0]],"o":[[0,0],[0,0]],"v":[[65.669,263.481],[860.795,263.481]],"c":false},"ix":2},"nm":"Path 1","mn":"ADBE Vector Shape - Group","hd":false},{"ty":"st","c":{"a":0,"k":[0.008000000785,0.195999998205,0.286000001197,1],"ix":3},"o":{"a":0,"k":100,"ix":4},"w":{"a":0,"k":7.286,"ix":5},"lc":2,"lj":1,"ml":10,"ml2":{"a":0,"k":10,"ix":8},"d":[{"n":"d","nm":"dash","v":{"a":0,"k":48.521,"ix":1}},{"n":"g","nm":"gap","v":{"a":0,"k":48.525,"ix":2}},{"n":"o","nm":"offset","v":{"a":0,"k":0,"ix":7}}],"nm":"Stroke 1","mn":"ADBE Vector Graphic - Stroke","hd":false},{"ty":"tr","p":{"a":0,"k":[0,0],"ix":2},"a":{"a":0,"k":[0,0],"ix":1},"s":{"a":0,"k":[100,100],"ix":3},"r":{"a":0,"k":0,"ix":6},"o":{"a":0,"k":100,"ix":7},"sk":{"a":0,"k":0,"ix":4},"sa":{"a":0,"k":0,"ix":5},"nm":"Transform"}],"nm":"Group 1","np":2,"cix":2,"ix":1,"mn":"ADBE Vector Group","hd":false}],"ip":0,"op":75,"st":0,"bm":0},{"ddd":0,"ind":9,"ty":4,"nm":"Wallet-front/wallet-AE Outlines","sr":1,"ks":{"o":{"a":0,"k":100,"ix":11},"r":{"a":1,"k":[{"i":{"x":[0.746],"y":[1]},"o":{"x":[0.727],"y":[0]},"n":["0p746_1_0p727_0"],"t":0,"s":[0],"e":[7]},{"i":{"x":[0.833],"y":[1]},"o":{"x":[0.452],"y":[0]},"n":["0p833_1_0p452_0"],"t":27,"s":[7],"e":[-6]},{"i":{"x":[0.565],"y":[1]},"o":{"x":[0.405],"y":[0]},"n":["0p565_1_0p405_0"],"t":45,"s":[-6],"e":[0]},{"t":74}],"ix":10},"p":{"a":1,"k":[{"i":{"x":0.667,"y":1},"o":{"x":0.528,"y":0},"n":"0p667_1_0p528_0","t":0,"s":[480,480,0],"e":[480,406,0],"to":[0,-12.3333330154419,0],"ti":[0,-6.66666650772095,0]},{"i":{"x":0.331,"y":1},"o":{"x":0.24,"y":0},"n":"0p331_1_0p24_0","t":27,"s":[480,406,0],"e":[480,520,0],"to":[0,6.66666650772095,0],"ti":[0,-12.3333330154419,0]},{"i":{"x":0.667,"y":1},"o":{"x":0.333,"y":0},"n":"0p667_1_0p333_0","t":45,"s":[480,520,0],"e":[480,480,0],"to":[0,12.3333330154419,0],"ti":[0,6.66666650772095,0]},{"t":74}],"ix":2},"a":{"a":0,"k":[480,480,0],"ix":1},"s":{"a":0,"k":[100,100,100],"ix":6}},"ao":0,"shapes":[{"ty":"gr","it":[{"ind":0,"ty":"sh","ix":1,"ks":{"a":0,"k":{"i":[[56.879,0],[0,0],[0,27.721],[0,0],[-25.279,0],[0,0],[0,-56.879],[0,0]],"o":[[0,0],[-27.721,0],[0,0],[0,-25.278],[0,0],[56.879,0],[0,0],[0,56.879]],"v":[[323.852,331.986],[-376.646,331.986],[-426.839,281.792],[-426.839,-286.216],[-381.068,-331.987],[323.852,-331.987],[426.839,-228.997],[426.839,228.998]],"c":true},"ix":2},"nm":"Path 1","mn":"ADBE Vector Shape - Group","hd":false},{"ty":"fl","c":{"a":0,"k":[0.019999999626,0.4,0.588000009574,1],"ix":4},"o":{"a":0,"k":100,"ix":5},"r":1,"nm":"Fill 1","mn":"ADBE Vector Graphic - Fill","hd":false},{"ty":"tr","p":{"a":0,"k":[469.192,536.348],"ix":2},"a":{"a":0,"k":[0,0],"ix":1},"s":{"a":0,"k":[100,100],"ix":3},"r":{"a":0,"k":0,"ix":6},"o":{"a":0,"k":100,"ix":7},"sk":{"a":0,"k":0,"ix":4},"sa":{"a":0,"k":0,"ix":5},"nm":"Transform"}],"nm":"Group 1","np":2,"cix":2,"ix":1,"mn":"ADBE Vector Group","hd":false}],"ip":0,"op":75,"st":0,"bm":0},{"ddd":0,"ind":10,"ty":4,"nm":"Wallet-Back-Shadow/wallet-AE Outlines","parent":11,"sr":1,"ks":{"o":{"a":0,"k":20,"ix":11},"r":{"a":0,"k":0,"ix":10},"p":{"a":1,"k":[{"i":{"x":0.667,"y":1},"o":{"x":0.333,"y":0},"n":"0p667_1_0p333_0","t":0,"s":[480,480,0],"e":[480,517,0],"to":[0,6.16666650772095,0],"ti":[0,-0.33333334326744,0]},{"i":{"x":0.255,"y":1},"o":{"x":0.109,"y":0},"n":"0p255_1_0p109_0","t":27,"s":[480,517,0],"e":[480,482,0],"to":[0,0.33333334326744,0],"ti":[0,6.16666650772095,0]},{"i":{"x":0.667,"y":1},"o":{"x":0.333,"y":0},"n":"0p667_1_0p333_0","t":45,"s":[480,482,0],"e":[480,480,0],"to":[0,-6.16666650772095,0],"ti":[0,0.33333334326744,0]},{"t":74}],"ix":2},"a":{"a":0,"k":[480,480,0],"ix":1},"s":{"a":0,"k":[100,100,100],"ix":6}},"ao":0,"shapes":[{"ty":"gr","it":[{"ind":0,"ty":"sh","ix":1,"ks":{"a":0,"k":{"i":[[102.615,0.206],[28.074,-1.85],[22.107,-5.348],[6.538,-16.956],[0,0],[0,0],[1.164,7.207]],"o":[[-29.604,-0.06],[-83.162,14.728],[-20.902,5.055],[0,0],[0,0],[0,-8.719],[-114.573,0.001]],"v":[[-69.361,-171.921],[-156.621,-168.951],[-330.207,-136.285],[-369.336,-97.794],[369.336,171.922],[369.336,-148.142],[367.483,-171.921]],"c":true},"ix":2},"nm":"Path 1","mn":"ADBE Vector Shape - Group","hd":false},{"ty":"fl","c":{"a":0,"k":[0,0,0,1],"ix":4},"o":{"a":0,"k":100,"ix":5},"r":1,"nm":"Fill 1","mn":"ADBE Vector Graphic - Fill","hd":false},{"ty":"tr","p":{"a":0,"k":[419.987,340.722],"ix":2},"a":{"a":0,"k":[0,0],"ix":1},"s":{"a":0,"k":[100,100],"ix":3},"r":{"a":0,"k":0,"ix":6},"o":{"a":0,"k":100,"ix":7},"sk":{"a":0,"k":0,"ix":4},"sa":{"a":0,"k":0,"ix":5},"nm":"Transform"}],"nm":"Group 1","np":2,"cix":2,"ix":1,"mn":"ADBE Vector Group","hd":false}],"ip":0,"op":75,"st":0,"bm":0},{"ddd":0,"ind":11,"ty":4,"nm":"wallet-back/wallet-AE Outlines","parent":9,"sr":1,"ks":{"o":{"a":0,"k":100,"ix":11},"r":{"a":0,"k":0,"ix":10},"p":{"a":0,"k":[482,480,0],"ix":2},"a":{"a":0,"k":[480,480,0],"ix":1},"s":{"a":0,"k":[100,100,100],"ix":6}},"ao":0,"shapes":[{"ty":"gr","it":[{"ind":0,"ty":"sh","ix":1,"ks":{"a":1,"k":[{"i":{"x":0.667,"y":1},"o":{"x":0.747,"y":0},"n":"0p667_1_0p747_0","t":0,"s":[{"i":[[0,0],[-47.846,11.573],[0,0],[0,-106.709],[0,0],[0,0]],"o":[[0,0],[70.099,-16.957],[0,0],[0,0],[0,0],[0,0]],"v":[[-373.275,-47.428],[-325.848,-130.423],[278.841,-237.134],[373.694,-142.28],[373.694,248.989],[-372.325,210.983]],"c":true}],"e":[{"i":[[0,0],[-47.846,11.573],[0,0],[0,-106.709],[0,0],[0,0]],"o":[[0,0],[70.099,-16.957],[0,0],[0,0],[0,0],[0,0]],"v":[[-373.275,-47.428],[-325.848,-130.423],[277.03,-202.656],[371.883,-107.803],[373.694,248.989],[-372.325,210.983]],"c":true}]},{"i":{"x":0,"y":0.894},"o":{"x":0.24,"y":0},"n":"0_0p894_0p24_0","t":27,"s":[{"i":[[0,0],[-47.846,11.573],[0,0],[0,-106.709],[0,0],[0,0]],"o":[[0,0],[70.099,-16.957],[0,0],[0,0],[0,0],[0,0]],"v":[[-373.275,-47.428],[-325.848,-130.423],[277.03,-202.656],[371.883,-107.803],[373.694,248.989],[-372.325,210.983]],"c":true}],"e":[{"i":[[0,0],[-47.846,11.573],[0,0],[0,-106.709],[0,0],[0,0]],"o":[[0,0],[70.099,-16.957],[0,0],[0,0],[0,0],[0,0]],"v":[[-373.275,-47.428],[-325.848,-130.423],[277.654,-258.795],[372.507,-163.942],[373.694,248.99],[-372.325,210.984]],"c":true}]},{"i":{"x":0.667,"y":1},"o":{"x":0.167,"y":0.018},"n":"0p667_1_0p167_0p018","t":45,"s":[{"i":[[0,0],[-47.846,11.573],[0,0],[0,-106.709],[0,0],[0,0]],"o":[[0,0],[70.099,-16.957],[0,0],[0,0],[0,0],[0,0]],"v":[[-373.275,-47.428],[-325.848,-130.423],[277.654,-258.795],[372.507,-163.942],[373.694,248.99],[-372.325,210.984]],"c":true}],"e":[{"i":[[0,0],[-47.846,11.573],[0,0],[0,-106.709],[0,0],[0,0]],"o":[[0,0],[70.099,-16.957],[0,0],[0,0],[0,0],[0,0]],"v":[[-373.275,-47.428],[-325.848,-130.423],[278.841,-237.134],[373.694,-142.28],[373.694,248.989],[-372.325,210.983]],"c":true}]},{"t":69}],"ix":2},"nm":"Path 1","mn":"ADBE Vector Shape - Group","hd":false},{"ty":"gr","it":[{"ty":"tr","p":{"a":0,"k":[0,0],"ix":2},"a":{"a":0,"k":[0,0],"ix":1},"s":{"a":0,"k":[100,100],"ix":3},"r":{"a":0,"k":0,"ix":6},"o":{"a":0,"k":100,"ix":7},"sk":{"a":0,"k":0,"ix":4},"sa":{"a":0,"k":0,"ix":5},"nm":"Transform"}],"nm":"Group 1","np":0,"cix":2,"ix":2,"mn":"ADBE Vector Group","hd":false},{"ty":"fl","c":{"a":0,"k":[0.016000001571,0.277999997606,0.356999984442,1],"ix":4},"o":{"a":0,"k":100,"ix":5},"r":1,"nm":"Fill 1","mn":"ADBE Vector Graphic - Fill","hd":false},{"ty":"tr","p":{"a":0,"k":[415.628,334.861],"ix":2},"a":{"a":0,"k":[0,0],"ix":1},"s":{"a":0,"k":[100,100],"ix":3},"r":{"a":0,"k":0,"ix":6},"o":{"a":0,"k":100,"ix":7},"sk":{"a":0,"k":0,"ix":4},"sa":{"a":0,"k":0,"ix":5},"nm":"Transform"}],"nm":"Group 1","np":3,"cix":2,"ix":1,"mn":"ADBE Vector Group","hd":false}],"ip":0,"op":75,"st":0,"bm":0},{"ddd":0,"ind":12,"ty":4,"nm":"BG-Circle/wallet-AE Outlines","sr":1,"ks":{"o":{"a":0,"k":100,"ix":11},"r":{"a":0,"k":0,"ix":10},"p":{"a":0,"k":[480,480,0],"ix":2},"a":{"a":0,"k":[480,480,0],"ix":1},"s":{"a":1,"k":[{"i":{"x":[0.667,0.667,0.667],"y":[1,1,1]},"o":{"x":[0.869,0.869,0.333],"y":[0,0,0]},"n":["0p667_1_0p869_0","0p667_1_0p869_0","0p667_1_0p333_0"],"t":0,"s":[100,100,100],"e":[70,70,100]},{"i":{"x":[0,0,0.833],"y":[1,1,1]},"o":{"x":[0.333,0.333,0.333],"y":[0,0,0]},"n":["0_1_0p333_0","0_1_0p333_0","0p833_1_0p333_0"],"t":27,"s":[70,70,100],"e":[102,102,100]},{"i":{"x":[0.613,0.613,0.833],"y":[1,1,1]},"o":{"x":[0.583,0.583,0.167],"y":[0,0,0]},"n":["0p613_1_0p583_0","0p613_1_0p583_0","0p833_1_0p167_0"],"t":35,"s":[102,102,100],"e":[90,90,100]},{"i":{"x":[0.628,0.628,0.833],"y":[1,1,1]},"o":{"x":[0.369,0.369,0.167],"y":[0,0,0]},"n":["0p628_1_0p369_0","0p628_1_0p369_0","0p833_1_0p167_0"],"t":41,"s":[90,90,100],"e":[102,102,100]},{"i":{"x":[0.587,0.587,0.833],"y":[1,1,1]},"o":{"x":[0.315,0.315,0.167],"y":[0,0,0]},"n":["0p587_1_0p315_0","0p587_1_0p315_0","0p833_1_0p167_0"],"t":48,"s":[102,102,100],"e":[95,95,100]},{"i":{"x":[0.655,0.655,0.833],"y":[1,1,1]},"o":{"x":[0.353,0.353,0.167],"y":[0,0,0]},"n":["0p655_1_0p353_0","0p655_1_0p353_0","0p833_1_0p167_0"],"t":53,"s":[95,95,100],"e":[100,100,100]},{"i":{"x":[0.64,0.64,0.833],"y":[1,1,1]},"o":{"x":[0.323,0.323,0.167],"y":[0,0,0]},"n":["0p64_1_0p323_0","0p64_1_0p323_0","0p833_1_0p167_0"],"t":59,"s":[100,100,100],"e":[98,98,100]},{"i":{"x":[0.602,0.602,0.833],"y":[1,1,1]},"o":{"x":[0.312,0.312,0.167],"y":[0,0,0]},"n":["0p602_1_0p312_0","0p602_1_0p312_0","0p833_1_0p167_0"],"t":63,"s":[98,98,100],"e":[102,102,100]},{"i":{"x":[0.833,0.833,0.833],"y":[1,1,1]},"o":{"x":[0.167,0.167,0.167],"y":[0,0,0]},"n":["0p833_1_0p167_0","0p833_1_0p167_0","0p833_1_0p167_0"],"t":68,"s":[102,102,100],"e":[100,100,100]},{"t":74}],"ix":6}},"ao":0,"shapes":[{"ind":0,"ty":"sh","ix":1,"ks":{"a":0,"k":{"i":[[0,-254.051],[-254.051,0],[0,254.051],[254.051,0]],"o":[[0,254.051],[254.051,0],[0,-254.051],[-254.051,0]],"v":[[22,478],[482,938],[942,478],[482,18]],"c":true},"ix":2},"nm":"Path 2","mn":"ADBE Vector Shape - Group","hd":false},{"ty":"gf","o":{"a":0,"k":100,"ix":10},"r":1,"g":{"p":3,"k":{"a":0,"k":[0,0.988,0.616,0.282,0.5,0.994,0.478,0.416,1,1,0.341,0.549],"ix":9}},"s":{"a":0,"k":[181,0],"ix":5},"e":{"a":0,"k":[1212,77],"ix":6},"t":1,"nm":"Gradient Fill 1","mn":"ADBE Vector Graphic - G-Fill","hd":false}],"ip":0,"op":75,"st":0,"bm":0}],"markers":[]}