{"v":"5.7.0","fr":29.9700012207031,"ip":0,"op":77.0000031362743,"w":300,"h":300,"nm":"Comp 4","ddd":0,"assets":[],"layers":[{"ddd":0,"ind":1,"ty":4,"nm":"Shape Layer 2","sr":1,"ks":{"o":{"a":0,"k":100,"ix":11},"r":{"a":0,"k":43,"ix":10},"p":{"a":0,"k":[177.5,160.5,0],"ix":2},"a":{"a":0,"k":[0,0,0],"ix":1},"s":{"a":0,"k":[100,100,100],"ix":6}},"ao":0,"shapes":[{"ty":"gr","it":[{"d":1,"ty":"el","s":{"a":0,"k":[214,214],"ix":2},"p":{"a":0,"k":[0,0],"ix":3},"nm":"Ellipse Path 1","mn":"ADBE Vector Shape - Ellipse","hd":false},{"ty":"st","c":{"a":0,"k":[0.274509817362,0.956862747669,0.447058826685,1],"ix":3},"o":{"a":0,"k":100,"ix":4},"w":{"a":0,"k":6,"ix":5},"lc":1,"lj":1,"ml":4,"bm":0,"nm":"Stroke 1","mn":"ADBE Vector Graphic - Stroke","hd":false},{"ty":"fl","c":{"a":0,"k":[0.43137255311,0.980392158031,0.572549045086,1],"ix":4},"o":{"a":0,"k":0,"ix":5},"r":1,"bm":0,"nm":"Fill 1","mn":"ADBE Vector Graphic - Fill","hd":false},{"ty":"tr","p":{"a":0,"k":[-13,6],"ix":2},"a":{"a":0,"k":[0,0],"ix":1},"s":{"a":0,"k":[100,42.342],"ix":3},"r":{"a":0,"k":0,"ix":6},"o":{"a":0,"k":100,"ix":7},"sk":{"a":0,"k":0,"ix":4},"sa":{"a":0,"k":0,"ix":5},"nm":"Transform"}],"nm":"Ellipse 1","np":3,"cix":2,"bm":0,"ix":1,"mn":"ADBE Vector Group","hd":false},{"ty":"tm","s":{"a":1,"k":[{"i":{"x":[0.23],"y":[1]},"o":{"x":[0.167],"y":[0]},"t":33,"s":[6]},{"t":60.0000024438501,"s":[87]}],"ix":1},"e":{"a":1,"k":[{"i":{"x":[0.23],"y":[1]},"o":{"x":[0.77],"y":[0]},"t":14,"s":[6]},{"t":50.0000020365418,"s":[87]}],"ix":2},"o":{"a":0,"k":0,"ix":3},"m":1,"ix":2,"nm":"Trim Paths 1","mn":"ADBE Vector Filter - Trim","hd":false}],"ip":14.0000005702317,"op":557.000022687075,"st":14.0000005702317,"bm":0},{"ddd":0,"ind":2,"ty":4,"nm":"Shape Layer 1","sr":1,"ks":{"o":{"a":0,"k":100,"ix":11},"r":{"a":0,"k":-43,"ix":10},"p":{"a":0,"k":[160,138,0],"ix":2},"a":{"a":0,"k":[0,0,0],"ix":1},"s":{"a":0,"k":[100,100,100],"ix":6}},"ao":0,"shapes":[{"ty":"gr","it":[{"d":1,"ty":"el","s":{"a":0,"k":[214,214],"ix":2},"p":{"a":0,"k":[0,0],"ix":3},"nm":"Ellipse Path 1","mn":"ADBE Vector Shape - Ellipse","hd":false},{"ty":"st","c":{"a":0,"k":[0.274509817362,0.956862747669,0.447058826685,1],"ix":3},"o":{"a":0,"k":100,"ix":4},"w":{"a":0,"k":6,"ix":5},"lc":1,"lj":1,"ml":4,"bm":0,"nm":"Stroke 1","mn":"ADBE Vector Graphic - Stroke","hd":false},{"ty":"fl","c":{"a":0,"k":[0.54509806633,0.980392158031,0.654901981354,1],"ix":4},"o":{"a":0,"k":0,"ix":5},"r":1,"bm":0,"nm":"Fill 1","mn":"ADBE Vector Graphic - Fill","hd":false},{"ty":"tr","p":{"a":0,"k":[-13,6],"ix":2},"a":{"a":0,"k":[0,0],"ix":1},"s":{"a":0,"k":[100,42.342],"ix":3},"r":{"a":0,"k":0,"ix":6},"o":{"a":0,"k":100,"ix":7},"sk":{"a":0,"k":0,"ix":4},"sa":{"a":0,"k":0,"ix":5},"nm":"Transform"}],"nm":"Ellipse 1","np":3,"cix":2,"bm":0,"ix":1,"mn":"ADBE Vector Group","hd":false},{"ty":"tm","s":{"a":1,"k":[{"i":{"x":[0.23],"y":[1]},"o":{"x":[0.77],"y":[0]},"t":19,"s":[10]},{"t":46.0000018736184,"s":[89]}],"ix":1},"e":{"a":1,"k":[{"i":{"x":[0.23],"y":[1]},"o":{"x":[0.77],"y":[0]},"t":0,"s":[10]},{"t":36.0000014663101,"s":[89]}],"ix":2},"o":{"a":0,"k":0,"ix":3},"m":1,"ix":2,"nm":"Trim Paths 1","mn":"ADBE Vector Filter - Trim","hd":false}],"ip":0,"op":543.000022116843,"st":0,"bm":0},{"ddd":0,"ind":3,"ty":4,"nm":"verify Outlines 3","sr":1,"ks":{"o":{"a":0,"k":32,"ix":11},"r":{"a":0,"k":0,"ix":10},"p":{"a":0,"k":[150,150,0],"ix":2},"a":{"a":0,"k":[306,396,0],"ix":1},"s":{"a":1,"k":[{"i":{"x":[0.63,0.63,0.63],"y":[1,1,1]},"o":{"x":[0.37,0.37,0.37],"y":[0,0,0]},"t":0,"s":[46,46,100]},{"i":{"x":[0.63,0.63,0.63],"y":[1,1,1]},"o":{"x":[0.37,0.37,0.37],"y":[0,0,0]},"t":22,"s":[41,41,100]},{"i":{"x":[0.63,0.63,0.63],"y":[1,1,1]},"o":{"x":[0.37,0.37,0.37],"y":[0,0,0]},"t":43,"s":[34,34,100]},{"i":{"x":[0.63,0.63,0.63],"y":[1,1,1]},"o":{"x":[0.37,0.37,0.37],"y":[0,0,0]},"t":63,"s":[42,42,100]},{"t":77.0000031362743,"s":[46,46,100]}],"ix":6}},"ao":0,"shapes":[{"ty":"gr","it":[{"ind":0,"ty":"sh","ix":1,"ks":{"a":0,"k":{"i":[[0,0],[31.588,-13.013],[0,0],[0,71.797],[0,0],[-39.045,24.996],[-19.436,-7.887],[-19.178,-3.188]],"o":[[0,71.797],[0,0],[-31.546,-13.013],[0,0],[38.354,-6.421],[19.479,12.498],[19.393,7.843],[0,0]],"v":[[116.358,13.445],[0,139.929],[-0.043,139.929],[-116.356,13.445],[-116.356,-88.346],[0,-135.578],[58.438,-104.98],[116.358,-88.346]],"c":true},"ix":2},"nm":"Path 1","mn":"ADBE Vector Shape - Group","hd":false},{"ind":1,"ty":"sh","ix":2,"ks":{"a":0,"k":{"i":[[3.707,0.129],[56.455,40.381],[1.378,0],[1.206,-0.819],[38.614,-1.423],[0,-3.749],[0,0],[-19.22,-6.766],[-0.776,0],[-0.733,0.258],[0,109.161],[0,0]],"o":[[-38.613,-1.423],[-1.207,-0.819],[-1.423,0],[-56.412,40.381],[-3.706,0.129],[0,0],[0,109.161],[0.733,0.258],[0.775,0],[19.22,-6.766],[0,0],[0,-3.749]],"v":[[148.505,-123.942],[3.965,-179.751],[0,-181],[-4.008,-179.751],[-148.507,-123.942],[-155.142,-117.047],[-155.142,13.445],[-2.284,180.612],[0,181],[2.285,180.612],[155.142,13.445],[155.142,-117.047]],"c":true},"ix":2},"nm":"Path 2","mn":"ADBE Vector Shape - Group","hd":false},{"ty":"fl","c":{"a":1,"k":[{"i":{"x":[0.667],"y":[1]},"o":{"x":[0.333],"y":[0]},"t":23,"s":[0.274509817362,0.435294121504,0.956862747669,1]},{"t":39.0000015885026,"s":[0.274509817362,0.956862747669,0.447058826685,1]}],"ix":4},"o":{"a":1,"k":[{"i":{"x":[0.667],"y":[1]},"o":{"x":[0.333],"y":[0]},"t":63,"s":[100]},{"t":76.0000030955435,"s":[0]}],"ix":5},"r":1,"bm":0,"nm":"Fill 1","mn":"ADBE Vector Graphic - Fill","hd":false},{"ty":"tr","p":{"a":0,"k":[306,397],"ix":2},"a":{"a":0,"k":[0,0],"ix":1},"s":{"a":0,"k":[100,100],"ix":3},"r":{"a":0,"k":0,"ix":6},"o":{"a":0,"k":100,"ix":7},"sk":{"a":0,"k":0,"ix":4},"sa":{"a":0,"k":0,"ix":5},"nm":"Transform"}],"nm":"Group 1","np":3,"cix":2,"bm":0,"ix":1,"mn":"ADBE Vector Group","hd":false}],"ip":0,"op":543.000022116843,"st":0,"bm":0},{"ddd":0,"ind":4,"ty":4,"nm":"verify Outlines 2","sr":1,"ks":{"o":{"a":0,"k":15,"ix":11},"r":{"a":0,"k":0,"ix":10},"p":{"a":0,"k":[150,150,0],"ix":2},"a":{"a":0,"k":[306,396,0],"ix":1},"s":{"a":1,"k":[{"i":{"x":[0.61,0.61,0.61],"y":[1,1,1]},"o":{"x":[0.39,0.39,0.39],"y":[0,0,0]},"t":0,"s":[36,36,100]},{"i":{"x":[0.61,0.61,0.61],"y":[1,1,1]},"o":{"x":[0.39,0.39,0.39],"y":[0,0,0]},"t":15,"s":[49,49,100]},{"i":{"x":[0.61,0.61,0.61],"y":[1,1,1]},"o":{"x":[0.39,0.39,0.39],"y":[0,0,0]},"t":36,"s":[42,42,100]},{"i":{"x":[0.61,0.61,0.61],"y":[1,1,1]},"o":{"x":[0.39,0.39,0.39],"y":[0,0,0]},"t":56,"s":[50,50,100]},{"t":77.0000031362743,"s":[36,36,100]}],"ix":6}},"ao":0,"shapes":[{"ty":"gr","it":[{"ind":0,"ty":"sh","ix":1,"ks":{"a":0,"k":{"i":[[0,0],[31.588,-13.013],[0,0],[0,71.797],[0,0],[-39.045,24.996],[-19.436,-7.887],[-19.178,-3.188]],"o":[[0,71.797],[0,0],[-31.546,-13.013],[0,0],[38.354,-6.421],[19.479,12.498],[19.393,7.843],[0,0]],"v":[[116.358,13.445],[0,139.929],[-0.043,139.929],[-116.356,13.445],[-116.356,-88.346],[0,-135.578],[58.438,-104.98],[116.358,-88.346]],"c":true},"ix":2},"nm":"Path 1","mn":"ADBE Vector Shape - Group","hd":false},{"ind":1,"ty":"sh","ix":2,"ks":{"a":0,"k":{"i":[[3.707,0.129],[56.455,40.381],[1.378,0],[1.206,-0.819],[38.614,-1.423],[0,-3.749],[0,0],[-19.22,-6.766],[-0.776,0],[-0.733,0.258],[0,109.161],[0,0]],"o":[[-38.613,-1.423],[-1.207,-0.819],[-1.423,0],[-56.412,40.381],[-3.706,0.129],[0,0],[0,109.161],[0.733,0.258],[0.775,0],[19.22,-6.766],[0,0],[0,-3.749]],"v":[[148.505,-123.942],[3.965,-179.751],[0,-181],[-4.008,-179.751],[-148.507,-123.942],[-155.142,-117.047],[-155.142,13.445],[-2.284,180.612],[0,181],[2.285,180.612],[155.142,13.445],[155.142,-117.047]],"c":true},"ix":2},"nm":"Path 2","mn":"ADBE Vector Shape - Group","hd":false},{"ty":"fl","c":{"a":1,"k":[{"i":{"x":[0.667],"y":[1]},"o":{"x":[0.333],"y":[0]},"t":23,"s":[0.274509817362,0.435294121504,0.956862747669,1]},{"t":39.0000015885026,"s":[0.274509817362,0.956862747669,0.447058826685,1]}],"ix":4},"o":{"a":1,"k":[{"i":{"x":[0.667],"y":[1]},"o":{"x":[0.333],"y":[0]},"t":63,"s":[100]},{"t":76.0000030955435,"s":[0]}],"ix":5},"r":1,"bm":0,"nm":"Fill 1","mn":"ADBE Vector Graphic - Fill","hd":false},{"ty":"tr","p":{"a":0,"k":[306,397],"ix":2},"a":{"a":0,"k":[0,0],"ix":1},"s":{"a":0,"k":[100,100],"ix":3},"r":{"a":0,"k":0,"ix":6},"o":{"a":0,"k":100,"ix":7},"sk":{"a":0,"k":0,"ix":4},"sa":{"a":0,"k":0,"ix":5},"nm":"Transform"}],"nm":"Group 1","np":3,"cix":2,"bm":0,"ix":1,"mn":"ADBE Vector Group","hd":false}],"ip":0,"op":543.000022116843,"st":0,"bm":0},{"ddd":0,"ind":5,"ty":4,"nm":"verify Outlines","sr":1,"ks":{"o":{"a":1,"k":[{"i":{"x":[0.667],"y":[1]},"o":{"x":[0.333],"y":[0]},"t":60,"s":[32]},{"t":76.0000030955435,"s":[100]}],"ix":11},"r":{"a":0,"k":0,"ix":10},"p":{"a":0,"k":[150,150,0],"ix":2},"a":{"a":0,"k":[306,396,0],"ix":1},"s":{"a":1,"k":[{"i":{"x":[0.57,0.57,0.57],"y":[1,1,1]},"o":{"x":[0.43,0.43,0.43],"y":[0,0,0]},"t":0,"s":[42,42,100]},{"i":{"x":[0.57,0.57,0.57],"y":[1,1,1]},"o":{"x":[0.43,0.43,0.43],"y":[0,0,0]},"t":19,"s":[49,49,100]},{"i":{"x":[0.667,0.667,0.667],"y":[1,1,1]},"o":{"x":[0.43,0.43,0.43],"y":[0,0,0]},"t":40,"s":[42,42,100]},{"i":{"x":[0.667,0.667,0.667],"y":[1,1,1]},"o":{"x":[0.333,0.333,0.333],"y":[0,0,0]},"t":60,"s":[50,50,100]},{"t":77.0000031362743,"s":[42,42,100]}],"ix":6}},"ao":0,"shapes":[{"ty":"gr","it":[{"ind":0,"ty":"sh","ix":1,"ks":{"a":0,"k":{"i":[[0,0],[31.588,-13.013],[0,0],[0,71.797],[0,0],[-39.045,24.996],[-19.436,-7.887],[-19.178,-3.188]],"o":[[0,71.797],[0,0],[-31.546,-13.013],[0,0],[38.354,-6.421],[19.479,12.498],[19.393,7.843],[0,0]],"v":[[116.358,13.445],[0,139.929],[-0.043,139.929],[-116.356,13.445],[-116.356,-88.346],[0,-135.578],[58.438,-104.98],[116.358,-88.346]],"c":true},"ix":2},"nm":"Path 1","mn":"ADBE Vector Shape - Group","hd":false},{"ind":1,"ty":"sh","ix":2,"ks":{"a":0,"k":{"i":[[3.707,0.129],[56.455,40.381],[1.378,0],[1.206,-0.819],[38.614,-1.423],[0,-3.749],[0,0],[-19.22,-6.766],[-0.776,0],[-0.733,0.258],[0,109.161],[0,0]],"o":[[-38.613,-1.423],[-1.207,-0.819],[-1.423,0],[-56.412,40.381],[-3.706,0.129],[0,0],[0,109.161],[0.733,0.258],[0.775,0],[19.22,-6.766],[0,0],[0,-3.749]],"v":[[148.505,-123.942],[3.965,-179.751],[0,-181],[-4.008,-179.751],[-148.507,-123.942],[-155.142,-117.047],[-155.142,13.445],[-2.284,180.612],[0,181],[2.285,180.612],[155.142,13.445],[155.142,-117.047]],"c":true},"ix":2},"nm":"Path 2","mn":"ADBE Vector Shape - Group","hd":false},{"ty":"fl","c":{"a":1,"k":[{"i":{"x":[0.667],"y":[1]},"o":{"x":[0.333],"y":[0]},"t":23,"s":[0.274509817362,0.435294121504,0.956862747669,1]},{"t":39.0000015885026,"s":[0.274509817362,0.956862747669,0.447058826685,1]}],"ix":4},"o":{"a":1,"k":[{"i":{"x":[0.667],"y":[1]},"o":{"x":[0.333],"y":[0]},"t":63,"s":[100]},{"t":76.0000030955435,"s":[100]}],"ix":5},"r":1,"bm":0,"nm":"Fill 1","mn":"ADBE Vector Graphic - Fill","hd":false},{"ty":"tr","p":{"a":0,"k":[306,397],"ix":2},"a":{"a":0,"k":[0,0],"ix":1},"s":{"a":0,"k":[100,100],"ix":3},"r":{"a":0,"k":0,"ix":6},"o":{"a":0,"k":100,"ix":7},"sk":{"a":0,"k":0,"ix":4},"sa":{"a":0,"k":0,"ix":5},"nm":"Transform"}],"nm":"Group 1","np":3,"cix":2,"bm":0,"ix":1,"mn":"ADBE Vector Group","hd":false}],"ip":0,"op":543.000022116843,"st":0,"bm":0}],"markers":[]}